repo_name,easy_file,hard_file
o2oa/o2oa,o2web/source/x_desktop/js/work.js,o2web/source/x_component_Common/Main.js
o2oa/o2oa,o2web/source/o2_core/o2/widget/ScriptArea.js,o2web/source/x_component_Common/Main.js
alexn1/qforms,dist/lib/backend/BackHostApp.js,src/frontend/viewer/Controller/ModelController/FieldController/RowFormFieldController/RowFormFieldController.js
jmiln/SWGoHBot,slash/faction.js,slash/mymods.js
jmiln/SWGoHBot,slash/mods.js,slash/mymods.js
jmiln/SWGoHBot,slash/poll.js,slash/mymods.js
jmiln/SWGoHBot,slash/character.js,slash/mymods.js
jmiln/SWGoHBot,slash/userconf.js,slash/mymods.js
jmiln/SWGoHBot,slash/grandarena.js,slash/mymods.js
jmiln/SWGoHBot,slash/raiddamage.js,slash/mymods.js
vitmalina/w2ui,dist/w2ui.min.js,demos/index.js
vitmalina/w2ui,dist/w2ui.min.js,src/w2utils.js
vitmalina/w2ui,dist/w2ui.js,src/w2utils.js
vitmalina/w2ui,dist/w2ui.js,demos/index.js
jmjuanes/siimple,packages/components/index.js,packages/preset-noir/index.js
jmjuanes/siimple,packages/components/index.js,packages/modules/elements.js
jmjuanes/siimple,website/sidebar.js,packages/preset-noir/index.js
jmjuanes/siimple,packages/jsx/index.js,packages/modules/elements.js
jmjuanes/siimple,packages/jsx/index.js,packages/modules/helpers.js
jmjuanes/siimple,packages/components/index.js,packages/core/index.js
jmjuanes/siimple,packages/jsx/index.js,packages/preset-noir/index.js
jmjuanes/siimple,website/sidebar.js,packages/core/index.js
jmjuanes/siimple,packages/jsx/index.js,packages/core/index.js
jmjuanes/siimple,website/sidebar.js,packages/modules/helpers.js
jmjuanes/siimple,website/sidebar.js,packages/modules/elements.js
jmjuanes/siimple,packages/components/index.js,packages/modules/helpers.js
cronvel/terminal-kit,lib/misc.js,lib/Terminal.js
cronvel/terminal-kit,lib/misc.js,lib/document/Element.js
cronvel/terminal-kit,lib/misc.js,lib/document/ColumnMenu.js
cronvel/terminal-kit,lib/misc.js,lib/document/Button.js
cronvel/terminal-kit,lib/misc.js,lib/document/Document.js
cronvel/terminal-kit,lib/misc.js,lib/document/RowMenu.js
cronvel/terminal-kit,lib/misc.js,lib/document/DropDownMenu.js
ricktu288/ray-optics,simulator/js/editor.js,simulator/js/objs/refractor.js
ricktu288/ray-optics,simulator/js/editor.js,simulator/js/objs/arcmirror.js
ricktu288/ray-optics,simulator/js/editor.js,simulator/js/objs/radiant.js
ricktu288/ray-optics,simulator/js/editor.js,simulator/js/objs/halfplane.js
ricktu288/ray-optics,simulator/js/editor.js,simulator/js/objs/lineobj.js
ndaidong/article-parser,src/utils/html.js,src/utils/linker.js
TeselaGen/openVectorEditor,src/SimpleCircularOrLinearView.js,demo/src/EditorDemo/index.js
jhipster/generator-jhipster,generators/entity-server/files.js,generators/entity-server/index.js
kbase/kbase-ui-plugin-dataview,src/plugin/iframe_root/modules/kbaseUI/typeManager.js,src/plugin/iframe_root/modules/widgets/dataObjectVisualizer.js
kbase/kbase-ui-plugin-dataview,src/plugin/iframe_root/modules/objectViewWidget.js,src/plugin/iframe_root/modules/components/Overview/view.js
kbase/kbase-ui-plugin-dataview,src/plugin/iframe_root/modules/components/Genome/Publications.js,src/plugin/iframe_root/modules/components/DataTable7.js
kbase/kbase-ui-plugin-dataview,src/plugin/iframe_root/modules/components/SankeyGraph.js,src/plugin/iframe_root/modules/components/DataTable7.js
kbase/kbase-ui-plugin-dataview,src/plugin/iframe_root/modules/components/Provenance/App.styles.js,src/plugin/iframe_root/modules/components/DataTable7.js
kbase/kbase-ui-plugin-dataview,src/plugin/iframe_root/modules/components/Genome/CDSViewer.js,src/plugin/iframe_root/modules/components/DataTable7.js
kbase/kbase-ui-plugin-dataview,src/plugin/iframe_root/modules/components/Genome/CDS/CDSViewer.js,src/plugin/iframe_root/modules/components/DataTable7.js
kbase/kbase-ui-plugin-dataview,src/plugin/iframe_root/modules/components/Provenance/utils.js,src/plugin/iframe_root/modules/components/DataTable7.js
kbase/kbase-ui-plugin-dataview,src/plugin/iframe_root/modules/components/Provenance/App.js,src/plugin/iframe_root/modules/components/DataTable7.js
kbase/kbase-ui-plugin-dataview,src/plugin/iframe_root/modules/widgets/genomes/CDSPage.js,src/plugin/iframe_root/modules/components/DataTable7.js
angular/angular-devkit-build-angular-builds,src/builders/server/platform-server-exports-loader.js,src/builders/browser-esbuild/index.js
angular/angular-devkit-build-angular-builds,src/webpack/plugins/hmr/hmr-loader.js,src/webpack/configs/dev-server.js
